9406;FR;ROMA TERMINI;VENEZIA SANTA LUCIA;ROMA TIBURTINA;FIRENZE S.M.N.;BOLOGNA C.LE/AV;PADOVA;VENEZIA MESTRE;;;;;;;;;;;;;;;;;
9407;FR;VENEZIA SANTA LUCIA;NAPOLI CENTRALE;VENEZIA MESTRE;PADOVA;BOLOGNA C.LE/AV;FIRENZE S.M.N.;ROMA TIBURTINA;ROMA TERMINI;;;;;;;;;;;;;;;;
9410;FR;SALERNO;VENEZIA SANTA LUCIA;NAPOLI CENTRALE;ROMA TERMINI;ROMA TIBURTINA;FIRENZE S.M.N.;BOLOGNA C.LE/AV;PADOVA;VENEZIA MESTRE;;;;;;;;;;;;;;;
9414;FR;NAPOLI CENTRALE;VENEZIA SANTA LUCIA;NAPOLI AFRAGOLA;ROMA TERMINI;ROMA TIBURTINA;FIRENZE S.M.N.;BOLOGNA C.LE/AV;PADOVA;VENEZIA MESTRE;;;;;;;;;;;;;;;
9419;FR;VENEZIA SANTA LUCIA;NAPOLI CENTRALE;VENEZIA MESTRE;PADOVA;BOLOGNA C.LE/AV;FIRENZE S.M.N.;ROMA TIBURTINA;ROMA TERMINI;NAPOLI AFRAGOLA;;;;;;;;;;;;;;;
9427;FR;VENEZIA SANTA LUCIA;NAPOLI CENTRALE;VENEZIA MESTRE;PADOVA;BOLOGNA C.LE/AV;FIRENZE S.M.N.;ROMA TIBURTINA;ROMA TERMINI;;;;;;;;;;;;;;;;
9430;FR;NAPOLI CENTRALE;VENEZIA SANTA LUCIA;ROMA TERMINI;ROMA TIBURTINA;FIRENZE S.M.N.;BOLOGNA C.LE/AV;PADOVA;VENEZIA MESTRE;;;;;;;;;;;;;;;;
9433;FR;VENEZIA SANTA LUCIA;NAPOLI CENTRALE;VENEZIA MESTRE;PADOVA;BOLOGNA C.LE/AV;FIRENZE S.M.N.;ROMA TIBURTINA;ROMA TERMINI;;;;;;;;;;;;;;;;
9444;FR;NAPOLI CENTRALE;VENEZIA SANTA LUCIA;ROMA TERMINI;ROMA TIBURTINA;FIRENZE S.M.N.;BOLOGNA C.LE/AV;PADOVA;VENEZIA MESTRE;;;;;;;;;;;;;;;;
9453;FR;VENEZIA SANTA LUCIA;ROMA TERMINI;VENEZIA MESTRE;PADOVA;BOLOGNA C.LE/AV;FIRENZE S.M.N.;ROMA TIBURTINA;;;;;;;;;;;;;;;;;
9500;FR;PERUGIA;TORINO P.NUOVA;AREZZO ;FIRENZE S.M.N.;BOLOGNA C.LE/AV;REGGIO EMILIA AV;MILANO CENTRALE;TORINO PORTA SUSA;;;;;;;;;;;;;;;;
9501;FR;MILANO CENTRALE;NAPOLI CENTRALE;BOLOGNA C.LE/AV;FIRENZE S.M.N.;AREZZO ;ROMA TIBURTINA;ROMA TERMINI;;;;;;;;;;;;;;;;;
9502;FR;ROMA TERMINI;MILANO CENTRALE;ROMA TIBURTINA;FIRENZE S.M.N.;BOLOGNA C.LE/AV;;;;;;;;;;;;;;;;;;;
9503;FR;MILANO CENTRALE;ROMA TERMINI;PIACENZA;PARMA;REGGIO EMILIA;MODENA;BOLOGNA C.LE/AV;FIRENZE S.M.N.;ROMA TIBURTINA;;;;;;;;;;;;;;;
9508;FR;ROMA TERMINI;MILANO CENTRALE;ROMA TIBURTINA;FIRENZE S.M.N.;BOLOGNA C.LE/AV;;;;;;;;;;;;;;;;;;;
9509;FR;MILANO CENTRALE;NAPOLI CENTRALE;BOLOGNA C.LE/AV;FIRENZE S.M.N.;ROMA TIBURTINA;ROMA TERMINI;;;;;;;;;;;;;;;;;;
9510;FR;SALERNO;MILANO CENTRALE;NAPOLI CENTRALE;NAPOLI AFRAGOLA;ROMA TERMINI;ROMA TIBURTINA;FIRENZE S.M.N.;BOLOGNA C.LE/AV;REGGIO EMILIA AV;;;;;;;;;;;;;;;
9511;FR;MILANO CENTRALE;NAPOLI CENTRALE;BOLOGNA C.LE/AV;FIRENZE S.M.N.;ROMA TIBURTINA;ROMA TERMINI;;;;;;;;;;;;;;;;;;
9517;FR;MILANO CENTRALE;SAPRI;BOLOGNA C.LE/AV;FIRENZE S.M.N.;ROMA TIBURTINA;ROMA TERMINI;NAPOLI CENTRALE;SALERNO;AGROPOLI CASTELLABATE;VALLO DELLA LUC. CASTELNUOVO;CENTOLA;;;;;;;;;;;;;
9518;FR;NAPOLI CENTRALE;MILANO CENTRALE;ROMA TERMINI;ROMA TIBURTINA;FIRENZE S.M.N.;BOLOGNA C.LE/AV;;;;;;;;;;;;;;;;;;
9520;FR;NAPOLI CENTRALE;MILANO CENTRALE;ROMA TERMINI;ROMA TIBURTINA;FIRENZE S.M.N.;BOLOGNA C.LE/AV;;;;;;;;;;;;;;;;;;
9525;FR;TORINO P.NUOVA;NAPOLI CENTRALE;TORINO PORTA SUSA ;MILANO CENTRALE;BOLOGNA C.LE/AV;FIRENZE S.M.N.;ROMA TIBURTINA;ROMA TERMINI;NAPOLI AFRAGOLA;;;;;;;;;;;;;;;
9529;FR;TORINO P.NUOVA;SALERNO;TORINO PORTA SUSA ;MILANO CENTRALE;REGGIO EMILIA AV;BOLOGNA C.LE/AV;FIRENZE S.M.N.;ROMA TIBURTINA;ROMA TERMINI;NAPOLI AFRAGOLA;NAPOLI CENTRALE;;;;;;;;;;;;;
9532;FR;NAPOLI CENTRALE;MILANO CENTRALE;ROMA TERMINI;ROMA TIBURTINA;FIRENZE S.M.N.;BOLOGNA C.LE/AV;MILANO ROGOREDO;;;;;;;;;;;;;;;;;
9533;FR;MILANO CENTRALE;NAPOLI CENTRALE;BOLOGNA C.LE/AV;FIRENZE S.M.N.;ROMA TIBURTINA;ROMA TERMINI;;;;;;;;;;;;;;;;;;
9535;FR;MILANO CENTRALE;NAPOLI CENTRALE;BOLOGNA C.LE/AV;FIRENZE S.M.N.;ROMA TIBURTINA;ROMA TERMINI;NAPOLI AFRAGOLA;;;;;;;;;;;;;;;;;
9536;FR;NAPOLI CENTRALE;MILANO CENTRALE;ROMA TERMINI;ROMA TIBURTINA;FIRENZE S.M.N.;BOLOGNA C.LE/AV;;;;;;;;;;;;;;;;;;
9541;FR;MILANO CENTRALE;NAPOLI CENTRALE;BOLOGNA C.LE/AV;FIRENZE S.M.N.;ROMA TIBURTINA;ROMA TERMINI;NAPOLI AFRAGOLA;;;;;;;;;;;;;;;;;
9543;FR;MILANO CENTRALE;NAPOLI CENTRALE;BOLOGNA C.LE/AV;FIRENZE S.M.N.;ROMA TIBURTINA;ROMA TERMINI;NAPOLI AFRAGOLA;;;;;;;;;;;;;;;;;
9548;FR;NAPOLI CENTRALE;MILANO CENTRALE;ROMA TERMINI;ROMA TIBURTINA;FIRENZE S.M.N.;BOLOGNA C.LE/AV;;;;;;;;;;;;;;;;;;
9552;FR;NAPOLI CENTRALE;MILANO CENTRALE;ROMA TERMINI;ROMA TIBURTINA;FIRENZE S.M.N.;BOLOGNA C.LE/AV;;;;;;;;;;;;;;;;;;
9555;FR;MILANO CENTRALE;SALERNO;BOLOGNA C.LE/AV;FIRENZE S.M.N.;ROMA TIBURTINA;ROMA TERMINI;NAPOLI CENTRALE;;;;;;;;;;;;;;;;;
9559;FR;MILANO CENTRALE;NAPOLI CENTRALE;BOLOGNA C.LE/AV;FIRENZE S.M.N.;ROMA TIBURTINA;ROMA TERMINI;;;;;;;;;;;;;;;;;;
9560;FR;NAPOLI CENTRALE;MILANO CENTRALE;ROMA TERMINI;ROMA TIBURTINA;FIRENZE S.M.N.;BOLOGNA C.LE/AV;REGGIO EMILIA AV;;;;;;;;;;;;;;;;;
9562;FR;SALERNO;MILANO CENTRALE;NAPOLI CENTRALE;NAPOLI AFRAGOLA;ROMA TERMINI;ROMA TIBURTINA;FIRENZE S.M.N.;BOLOGNA C.LE/AV;REGGIO EMILIA AV;;;;;;;;;;;;;;;
9563;FR;MILANO CENTRALE;PERUGIA;MILANO ROGOREDO;REGGIO EMILIA AV;BOLOGNA C.LE/AV;FIRENZE S.M.N.;AREZZO;;;;;;;;;;;;;;;;;
9565;FR;TORINO P.NUOVA;ROMA TERMINI;TORINO PORTA SUSA ;MILANO CENTRALE;BOLOGNA C.LE/AV;FIRENZE S.M.N.;ROMA TIBURTINA;;;;;;;;;;;;;;;;;
9566;FR;ROMA TERMINI;MILANO CENTRALE;ROMA TIBURTINA;FIRENZE S.M.N.;BOLOGNA C.LE/AV;MODENA;REGGIO EMILIA;PARMA;PIACENZA;;;;;;;;;;;;;;;
9572;FR;NAPOLI CENTRALE;FIRENZE S.M.N.;ROMA TERMINI;ROMA TIBURTINA;AREZZO ;;;;;;;;;;;;;;;;;;;
9587;FR;MILANO CENTRALE;NAPOLI CENTRALE;BOLOGNA C.LE/AV;FIRENZE S.M.N.;ROMA TERMINI;NAPOLI AFRAGOLA;;;;;;;;;;;;;;;;;;
9590;FR;SAPRI;MILANO CENTRALE;CENTOLA;VALLO DELLA LUC. CASTELNUOVO;AGROPOLI CASTELLABATE;SALERNO;NAPOLI CENTRALE;ROMA TERMINI;ROMA TIBURTINA;FIRENZE S.M.N.;BOLOGNA C.LE/AV;REGGIO EMILIA AV;;;;;;;;;;;;
9591;FR;MILANO CENTRALE;SALERNO;BOLOGNA C.LE/AV;FIRENZE S.M.N.;ROMA TIBURTINA;ROMA TERMINI;NAPOLI AFRAGOLA;NAPOLI CENTRALE;;;;;;;;;;;;;;;;
9596;FR;MILANO CENTRALE;TORINO P.NUOVA;TORINO PORTA SUSA ;;;;;;;;;;;;;;;;;;;;;
9604;FR;BRESCIA;NAPOLI CENTRALE;MILANO CENTRALE;REGGIO EMILIA AV;ROMA TERMINI;;;;;;;;;;;;;;;;;;;
9608;FR;NAPOLI CENTRALE;MILANO CENTRALE;ROMA TERMINI;BOLOGNA C.LE/AV;;;;;;;;;;;;;;;;;;;;
9610;FR;NAPOLI CENTRALE;TORINO P.NUOVA;ROMA TERMINI;MILANO ROGOREDO;MILANO CENTRALE;TORINO PORTA SUSA ;;;;;;;;;;;;;;;;;;
9613;FR;MILANO CENTRALE;NAPOLI CENTRALE;BOLOGNA C.LE/AV;ROMA TERMINI;NAPOLI AFRAGOLA;;;;;;;;;;;;;;;;;;;
9614;FR;NAPOLI CENTRALE;MILANO CENTRALE;ROMA TERMINI;MILANO ROGOREDO;;;;;;;;;;;;;;;;;;;;
9619;FR;TORINO P.NUOVA;ROMA TERMINI;TORINO PORTA SUSA ;MILANO CENTRALE;MILANO ROGOREDO;;;;;;;;;;;;;;;;;;;
9629;FR;MILANO CENTRALE;NAPOLI CENTRALE;BOLOGNA C.LE/AV;ROMA TERMINI;NAPOLI AFRAGOLA;;;;;;;;;;;;;;;;;;;
9638;FR;ROMA TERMINI;TORINO P.NUOVA;MILANO CENTRALE;TORINO PORTA SUSA ;;;;;;;;;;;;;;;;;;;;
9643;FR;MILANO CENTRALE;ROMA TERMINI;;;;;;;;;;;;;;;;;;;;;;
9644;FR;NAPOLI CENTRALE;MILANO CENTRALE;NAPOLI AFRAGOLA;ROMA TERMINI;BOLOGNA C.LE/AV;;;;;;;;;;;;;;;;;;;
9646;FR;NAPOLI CENTRALE;TORINO P.NUOVA;ROMA TERMINI;MILANO ROGOREDO;MILANO CENTRALE;TORINO PORTA SUSA ;;;;;;;;;;;;;;;;;;
9650;FR;NAPOLI CENTRALE;BRESCIA;ROMA TERMINI;BOLOGNA C.LE/AV;MILANO CENTRALE;;;;;;;;;;;;;;;;;;;
9653;FR;TORINO P.NUOVA;ROMA TERMINI;TORINO PORTA SUSA ;MILANO CENTRALE;MILANO ROGOREDO;ROMA TIBURTINA;;;;;;;;;;;;;;;;;;
9664;FR;NAPOLI CENTRALE;MILANO CENTRALE;ROMA TERMINI;BOLOGNA C.LE/AV;;;;;;;;;;;;;;;;;;;;
9671;FR;TORINO P.NUOVA;ROMA TERMINI;TORINO PORTA SUSA ;MILANO CENTRALE;BOLOGNA C.LE/AV;;;;;;;;;;;;;;;;;;;
9683;FR;ROMA TERMINI;NAPOLI CENTRALE;;;;;;;;;;;;;;;;;;;;;;
9685;FR;FIRENZE S.M.N.;NAPOLI CENTRALE;ROMA TERMINI;;;;;;;;;;;;;;;;;;;;;
9700;FR;VENEZIA SANTA LUCIA;MILANO CENTRALE;VENEZIA MESTRE;PADOVA;VICENZA;VERONA PORTA NUOVA;PESCHIERA DEL GARDA;DESENZANO;BRESCIA;;;;;;;;;;;;;;;
9702;FR;VENEZIA SANTA LUCIA;TORINO P.NUOVA;VENEZIA MESTRE;PADOVA;VICENZA;VERONA PORTA NUOVA;PESCHIERA DEL GARDA;DESENZANO;BRESCIA;MILANO CENTRALE;TORINO PORTA SUSA ;;;;;;;;;;;;;
9703;FR;MILANO CENTRALE;UDINE;BRESCIA;DESENZANO;VERONA PORTA NUOVA;VICENZA;PADOVA;VENEZIA MESTRE;VENEZIA SANTA LUCIA;VENEZIA MESTRE;TREVISO C.;CONEGLIANO;PORDENONE;;;;;;;;;;;
9705;FR;MILANO CENTRALE;VENEZIA SANTA LUCIA;BRESCIA;PESCHIERA DEL GARDA;VERONA PORTA NUOVA;VICENZA;PADOVA;VENEZIA MESTRE;;;;;;;;;;;;;;;;
9706;FR;VENEZIA SANTA LUCIA;MILANO CENTRALE;VENEZIA MESTRE;PADOVA;VICENZA;VERONA PORTA NUOVA;DESENZANO;BRESCIA;;;;;;;;;;;;;;;;
9707;FR;TORINO P.NUOVA;TRIESTE CENTRALE;TORINO PORTA SUSA ;MILANO CENTRALE;BRESCIA;PESCHIERA DEL GARDA;VERONA PORTA NUOVA;VICENZA;PADOVA;VENEZIA MESTRE;S. DONA` DI PIAVE;PORTOGRUARO CAORLE;LATISANA LIGNANO B.;CERVIGNANO A.G;TRIESTE AEROPORTO;MONFALCONE;;;;;;;;
9710;FR;TRIESTE CENTRALE;TORINO P.NUOVA;MONFALCONE;CERVIGNANO A.G;VENEZIA MESTRE;VERONA PORTA NUOVA;MILANO CENTRALE;TORINO PORTA SUSA ;;;;;;;;;;;;;;;;
9713;FR;TORINO P.NUOVA;VENEZIA SANTA LUCIA;TORINO PORTA SUSA ;NAPOLI CENTRALE;BRESCIA;DESENZANO;VERONA PORTA NUOVA;VICENZA;PADOVA;VENEZIA MESTRE;;;;;;;;;;;;;;
9714;FR;VENEZIA SANTA LUCIA;TORINO P.NUOVA;VENEZIA MESTRE;PADOVA;VICENZA;VERONA PORTA NUOVA;PESCHIERA DEL GARDA;BRESCIA;MILANO CENTRALE;TORINO PORTA SUSA ;;;;;;;;;;;;;;
9715;FR;MILANO CENTRALE;VENEZIA SANTA LUCIA;BRESCIA;PESCHIERA DEL GARDA;VERONA PORTA NUOVA;VICENZA;PADOVA;VENEZIA MESTRE;;;;;;;;;;;;;;;;
9716;FR;TRIESTE CENTRALE;MILANO CENTRALE;MONFALCONE;TRIESTE AEROPORTO;PORTOGRUARO CAORLE;VENEZIA MESTRE;PADOVA;VICENZA;VERONA PORTA NUOVA;DESENZANO;BRESCIA;;;;;;;;;;;;;
9717;FR;TORINO P.NUOVA;TRIESTE CENTRALE;TORINO PORTA SUSA ;MILANO CENTRALE;BRESCIA;PESCHIERA DEL GARDA;VERONA PORTA NUOVA;VICENZA;PADOVA;VENEZIA MESTRE;S. DONA` DI PIAVE;PORTOGRUARO CAORLE;LATISANA LIGNANO B.;CERVIGNANO A.G;TRIESTE AEROPORTO;MONFALCONE;;;;;;;;
9723;FR;TORINO P.NUOVA;VENEZIA SANTA LUCIA;TORINO PORTA SUSA ;MILANO CENTRALE;BRESCIA;DESENZANO;VERONA PORTA NUOVA;VICENZA;PADOVA;VENEZIA MESTRE;;;;;;;;;;;;;;
9724;FR;VENEZIA SANTA LUCIA;MILANO CENTRALE;VENEZIA MESTRE;PADOVA;VICENZA;VERONA PORTA NUOVA;DESENZANO;BRESCIA;;;;;;;;;;;;;;;;
9726;FR;TRIESTE CENTRALE;TORINO P.NUOVA;MONFALCONE;PORTOGRUARO CAORLE;VENEZIA MESTRE;PADOVA;VICENZA;VERONA PORTA NUOVA;DESENZANO;BRESCIA;MILANO CENTRALE;TORINO PORTA SUSA ;;;;;;;;;;;;
9730;FR;VENEZIA SANTA LUCIA;MILANO CENTRALE;VENEZIA MESTRE;PADOVA;VICENZA;VERONA PORTA NUOVA;PESCHIERA DEL GARDA;BRESCIA;;;;;;;;;;;;;;;;
9731;FR;MILANO CENTRALE;VENEZIA SANTA LUCIA;BRESCIA;PESCHIERA DEL GARDA;VERONA PORTA NUOVA;VICENZA;PADOVA;VENEZIA MESTRE;;;;;;;;;;;;;;;;
9732;FR;VENEZIA SANTA LUCIA;MILANO CENTRALE;VENEZIA MESTRE;PADOVA;VICENZA;VERONA PORTA NUOVA;DESENZANO;BRESCIA;;;;;;;;;;;;;;;;
9734;FR;VENEZIA SANTA LUCIA;TORINO P.NUOVA;VENEZIA MESTRE;PADOVA;VICENZA;VERONA PORTA NUOVA;PESCHIERA DEL GARDA;BRESCIA;MILANO CENTRALE;TORINO PORTA SUSA ;;;;;;;;;;;;;;
9737;FR;TORINO P.NUOVA;TRIESTE CENTRALE;TORINO PORTA SUSA ;MILANO CENTRALE;BRESCIA;PESCHIERA DEL GARDA;VERONA PORTA NUOVA;VICENZA;PADOVA;VENEZIA MESTRE;PORTOGRUARO CAORLE;MONFALCONE;;;;;;;;;;;;
9738;FR;VENEZIA SANTA LUCIA;TORINO P.NUOVA;VENEZIA MESTRE;PADOVA;VICENZA;VERONA PORTA NUOVA;DESENZANO;BRESCIA;MILANO CENTRALE;TORINO PORTA SUSA ;;;;;;;;;;;;;;
9739;FR;UDINE;MILANO CENTRALE;PORDENONE;CONEGLIANO;TREVISO C.;VENEZIA MESTRE;VENEZIA SANTA LUCIA;VENEZIA MESTRE;PADOVA;VICENZA;VERONA PORTA NUOVA;DESENZANO;BRESCIA;;;;;;;;;;;
9742;FR;MILANO CENTRALE;TORINO P.NUOVA;TORINO PORTA SUSA ;;;;;;;;;;;;;;;;;;;;;
9743;FR;TORINO P.NUOVA;VENEZIA SANTA LUCIA;TORINO PORTA SUSA ;MILANO CENTRALE;BRESCIA;DESENZANO;VERONA PORTA NUOVA;VICENZA;PADOVA;VENEZIA MESTRE;;;;;;;;;;;;;;
9745;FR;MILANO CENTRALE;VENEZIA SANTA LUCIA;BRESCIA;DESENZANO;VERONA PORTA NUOVA;VICENZA;PADOVA;VENEZIA MESTRE;;;;;;;;;;;;;;;;
9747;FR;TORINO P.NUOVA;TRIESTE CENTRALE;TORINO PORTA SUSA ;MILANO CENTRALE;BRESCIA;PESCHIERA DEL GARDA;VERONA PORTA NUOVA;VICENZA;PADOVA;VENEZIA MESTRE;PORTOGRUARO CAORLE;TRIESTE AEROPORTO;MONFALCONE;;;;;;;;;;;
9748;FR;VENEZIA SANTA LUCIA;MILANO CENTRALE;VENEZIA MESTRE;PADOVA;VICENZA;VERONA PORTA NUOVA;DESENZANO;BRESCIA;;;;;;;;;;;;;;;;
9749;FR;MILANO CENTRALE;VENEZIA SANTA LUCIA;BRESCIA;DESENZANO;VERONA PORTA NUOVA;VICENZA;PADOVA;VENEZIA MESTRE;;;;;;;;;;;;;;;;
9751;FR;TORINO P.NUOVA;VENEZIA SANTA LUCIA;TORINO PORTA SUSA ;MILANO CENTRALE;BRESCIA;DESENZANO;VERONA PORTA NUOVA;VICENZA;PADOVA;VENEZIA MESTRE;;;;;;;;;;;;;;
9753;FR;MILANO CENTRALE;UDINE;BRESCIA;PESCHIERA DEL GARDA;VERONA PORTA NUOVA;VICENZA;PADOVA;VENEZIA MESTRE;TREVISO C.;CONEGLIANO;PORDENONE;;;;;;;;;;;;;
9755;FR;MILANO CENTRALE;VENEZIA SANTA LUCIA;BRESCIA;DESENZANO;VERONA PORTA NUOVA;VICENZA;PADOVA;VENEZIA MESTRE;;;;;;;;;;;;;;;;
9756;FR;VENEZIA SANTA LUCIA;MILANO CENTRALE;VENEZIA MESTRE;PADOVA;VICENZA;VERONA PORTA NUOVA;DESENZANO;BRESCIA;;;;;;;;;;;;;;;;
9757;FR;TORINO P.NUOVA;TRIESTE CENTRALE;TORINO PORTA SUSA ;MILANO CENTRALE;BRESCIA;VERONA PORTA NUOVA;VENEZIA MESTRE;CERVIGNANO A.G;MONFALCONE;;;;;;;;;;;;;;;
9758;FR;TRIESTE CENTRALE;MILANO CENTRALE;MONFALCONE;TRIESTE AEROPORTO;CERVIGNANO A.G;LATISANA LIGNANO B.;PORTOGRUARO CAORLE;S. DONA` DI PIAVE;VENEZIA MESTRE;PADOVA;VICENZA;VERONA PORTA NUOVA;PESCHIERA DEL GARDA;BRESCIA;;;;;;;;;;
9759;FR;MILANO CENTRALE;VENEZIA SANTA LUCIA;BRESCIA;PESCHIERA DEL GARDA;VERONA PORTA NUOVA;VICENZA;PADOVA;VENEZIA MESTRE;;;;;;;;;;;;;;;;
9762;FR;VENEZIA SANTA LUCIA;TORINO P.NUOVA;VENEZIA MESTRE;PADOVA;VICENZA;VERONA PORTA NUOVA;DESENZANO;BRESCIA;MILANO CENTRALE;TORINO PORTA SUSA ;;;;;;;;;;;;;;
9790;FR;MILANO CENTRALE;TORINO P.NUOVA;TORINO PORTA SUSA ;;;;;;;;;;;;;;;;;;;;;
9791;FR;UDINE;MILANO CENTRALE;PORDENONE;CONEGLIANO;TREVISO C.;VENEZIA MESTRE;PADOVA;VICENZA;VERONA PORTA NUOVA;DESENZANO;BRESCIA;;;;;;;;;;;;;
9793;FR;TORINO P.NUOVA;VENEZIA SANTA LUCIA;TORINO PORTA SUSA ;MILANO CENTRALE;BRESCIA;DESENZANO;VERONA PORTA NUOVA;VICENZA;PADOVA;VENEZIA MESTRE;;;;;;;;;;;;;;
9798;FR;VENEZIA SANTA LUCIA;MILANO CENTRALE;VENEZIA MESTRE;PADOVA;VICENZA;VERONA PORTA NUOVA;PESCHIERA DEL GARDA;BRESCIA;;;;;;;;;;;;;;;;
9802;FR;PESCARA;MILANO CENTRALE;ANCONA;PESARO;RIMINI;FORL�;BOLOGNA C.LE;REGGIO EMILIA AV;;;;;;;;;;;;;;;;
9803;FR;MILANO CENTRALE;ANCONA;BOLOGNA C.LE;RIMINI;RICCIONE;PESARO;;;;;;;;;;;;;;;;;;
9805;FR;TORINO P.NUOVA;LECCE;TORINO PORTA SUSA ;MILANO PORTA GARIBALDI;MILANO ROGOREDO;REGGIO EMILIA AV;BOLOGNA C.LE;RIMINI;PESARO;ANCONA;PESCARA;TERMOLI;FOGGIA;BARLETTA;BARI CENTRALE;BRINDISI;;;;;;;;
9806;FR;BARI CENTRALE;MILANO CENTRALE;FOGGIA;TERMOLI;PESCARA;ANCONA;RICCIONE;RIMINI;BOLOGNA C.LE;;;;;;;;;;;;;;;
9808;FR;LECCE;TORINO P.NUOVA;BRINDISI;BARI CENTRALE;BARLETTA;FOGGIA;TERMOLI;PESCARA;ANCONA;PESARO;RIMINI;BOLOGNA C.LE;REGGIO EMILIA AV;MILANO ROGOREDO;MILANO PORTA GARIBALDI;TORINO PORTA SUSA ;;;;;;;;
9809;FR;MILANO CENTRALE;BARI CENTRALE;REGGIO EMILIA AV;BOLOGNA C.LE;RIMINI;ANCONA;PESCARA;TERMOLI;FOGGIA;;;;;;;;;;;;;;;
9810;FR;ANCONA;MILANO CENTRALE;PESARO;RICCIONE;RIMINI;BOLOGNA C.LE;REGGIO EMILIA AV;;;;;;;;;;;;;;;;;
9811;FR;MILANO CENTRALE;PESCARA;REGGIO EMILIA AV;BOLOGNA C.LE;FORL�;RIMINI;PESARO;ANCONA;;;;;;;;;;;;;;;;
8401;FR1000;VENEZIA MESTRE;FIUMICINO AEROPORTO;VENEZIA MESTRE;PADOVA;ROVIGO;BOLOGNA C.LE/AV;FIRENZE S.M.N.;ROMA TIBURTINA;ROMA TERMINI;;;;;;;;;;;;;;;
8419;FR1000;VENEZIA SANTA LUCIA;FIUMICINO AEROPORTO;VENEZIA MESTRE;PADOVA;BOLOGNA C.LE/AV;FIRENZE S.M.N.;ROMA TIBURTINA;ROMA TERMINI;;;;;;;;;;;;;;;;
8431;FR1000;FIUMICINO AEROPORTO;VENEZIA SANTA LUCIA;ROMA TERMINI;ROMA TIBURTINA;FIRENZE S.M.N.;BOLOGNA C.LE/AV;PADOVA;VENEZIA MESTRE;;;;;;;;;;;;;;;;
8445;FR1000;FIUMICINO AEROPORTO;VENEZIA SANTA LUCIA;ROMA TERMINI;ROMA TIBURTINA;FIRENZE S.M.N.;BOLOGNA C.LE/AV;PADOVA;VENEZIA MESTRE;;;;;;;;;;;;;;;;
8447;FR1000;VENEZIA SANTA LUCIA;ROMA TERMINI;VENEZIA MESTRE;PADOVA;ROVIGO;BOLOGNA C.LE/AV;FIRENZE S.M.N.;ROMA TIBURTINA;;;;;;;;;;;;;;;;
8464;FR1000;ROMA TERMINI;VENEZIA SANTA LUCIA;ROMA TIBURTINA;FIRENZE S.M.N.;BOLOGNA C.LE/AV;FERRARA;PADOVA;VENEZIA MESTRE;;;;;;;;;;;;;;;;
8505;FR1000;BERGAMO;ROMA TERMINI;BRESCIA;VERONA PORTA NUOVA;BOLOGNA C.LE/AV;FIRENZE CAMPO MARTE;;;;;;;;;;;;;;;;;;
8528;FR1000;ROMA TERMINI;BERGAMO;FIRENZE CAMPO MARTE;BOLOGNA C.LE/AV;VERONA PORTA NUOVA;BRESCIA;;;;;;;;;;;;;;;;;;
8561;FR1000;FIUMICINO AEROPORTO;ROMA TERMINI;;;;;;;;;;;;;;;;;;;;;;
8562;FR1000;ROMA TERMINI;FIUMICINO AEROPORTO;;;;;;;;;;;;;;;;;;;;;;
8566;FR1000;ROMA TERMINI;FIUMICINO AEROPORTO;;;;;;;;;;;;;;;;;;;;;;
8569;FR1000;FIUMICINO AEROPORTO;ROMA TERMINI;;;;;;;;;;;;;;;;;;;;;;
9301;FR1000;TORINO P.NUOVA;ROMA TERMINI;TORINO PORTA SUSA ;MILANO PORTA GARIBALDI;MILANO ROGOREDO;REGGIO EMILIA AV;BOLOGNA C.LE/AV;FIRENZE S.M.N.;ROMA TIBURTINA;;;;;;;;;;;;;;;
9305;FR1000;TORINO P.NUOVA;SALERNO;TORINO PORTA SUSA ;MILANO PORTA GARIBALDI;MILANO ROGOREDO;REGGIO EMILIA AV;BOLOGNA C.LE/AV;FIRENZE S.M.N.;ROMA TIBURTINA;NAPOLI CENTRALE;;;;;;;;;;;;;;
9306;FR1000;ROMA TERMINI;TORINO P.NUOVA;ROMA TIBURTINA;FIRENZE S.M.N.;BOLOGNA C.LE/AV;REGGIO EMILIA AV;MILANO ROGOREDO;MILANO PORTA GARIBALDI;TORINO PORTA SUSA ;;;;;;;;;;;;;;;
9309;FR1000;TORINO P.NUOVA;ROMA TERMINI;TORINO PORTA SUSA ;MILANO PORTA GARIBALDI;MILANO ROGOREDO;REGGIO EMILIA AV;BOLOGNA C.LE/AV;FIRENZE S.M.N.;ROMA TIBURTINA;;;;;;;;;;;;;;;
9312;FR1000;SALERNO;TORINO P.NUOVA;NAPOLI CENTRALE;ROMA TIBURTINA;FIRENZE S.M.N.;BOLOGNA C.LE/AV;REGGIO EMILIA AV;MILANO ROGOREDO;MILANO PORTA GARIBALDI;TORINO PORTA SUSA ;;;;;;;;;;;;;;
9318;FR1000;ROMA TERMINI;TORINO P.NUOVA;ROMA TIBURTINA;FIRENZE S.M.N.;BOLOGNA C.LE/AV;REGGIO EMILIA AV;MILANO ROGOREDO;MILANO PORTA GARIBALDI;TORINO PORTA SUSA ;;;;;;;;;;;;;;;
9329;FR1000;TORINO P.NUOVA;SALERNO;TORINO PORTA SUSA ;MILANO PORTA GARIBALDI;MILANO ROGOREDO;REGGIO EMILIA AV;BOLOGNA C.LE/AV;FIRENZE S.M.N.;ROMA TIBURTINA;NAPOLI CENTRALE;;;;;;;;;;;;;;
9333;FR1000;TORINO P.NUOVA;ROMA TERMINI;TORINO PORTA SUSA ;MILANO PORTA GARIBALDI;MILANO ROGOREDO;REGGIO EMILIA AV;BOLOGNA C.LE/AV;FIRENZE S.M.N.;ROMA TIBURTINA;;;;;;;;;;;;;;;
9336;FR1000;SALERNO;TORINO P.NUOVA;NAPOLI CENTRALE;ROMA TIBURTINA;FIRENZE S.M.N.;BOLOGNA C.LE/AV;REGGIO EMILIA AV;MILANO ROGOREDO;MILANO PORTA GARIBALDI;TORINO PORTA SUSA ;;;;;;;;;;;;;;
9341;FR1000;TORINO P.NUOVA;NAPOLI CENTRALE;TORINO PORTA SUSA ;MILANO PORTA GARIBALDI;MILANO ROGOREDO;REGGIO EMILIA AV;BOLOGNA C.LE/AV;FIRENZE S.M.N.;ROMA TIBURTINA;ROMA TERMINI;;;;;;;;;;;;;;
9342;FR1000;NAPOLI CENTRALE;TORINO P.NUOVA;ROMA TERMINI;ROMA TIBURTINA;FIRENZE S.M.N.;BOLOGNA C.LE/AV;REGGIO EMILIA AV;MILANO ROGOREDO;MILANO PORTA GARIBALDI;TORINO PORTA SUSA ;;;;;;;;;;;;;;
9350;FR1000;NAPOLI CENTRALE;TORINO P.NUOVA;ROMA TERMINI;ROMA TIBURTINA;FIRENZE S.M.N.;BOLOGNA C.LE/AV;REGGIO EMILIA AV;MILANO ROGOREDO;MILANO PORTA GARIBALDI;TORINO PORTA SUSA ;;;;;;;;;;;;;;
9409;FR1000;UDINE;ROMA TERMINI;PORDENONE;CONEGLIANO;TREVISO C.;VENEZIA MESTRE;PADOVA;BOLOGNA C.LE/AV;FIRENZE S.M.N.;ROMA TIBURTINA;;;;;;;;;;;;;;
9413;FR1000;VENEZIA SANTA LUCIA;ROMA TERMINI;VENEZIA MESTRE;PADOVA;BOLOGNA C.LE/AV;FIRENZE S.M.N.;ROMA TIBURTINA;;;;;;;;;;;;;;;;;
9416;FR1000;NAPOLI CENTRALE;VENEZIA SANTA LUCIA;ROMA TERMINI;ROMA TIBURTINA;FIRENZE S.M.N.;BOLOGNA C.LE/AV;FERRARA;PADOVA;VENEZIA MESTRE;;;;;;;;;;;;;;;
9418;FR1000;SALERNO;VENEZIA SANTA LUCIA;NAPOLI CENTRALE;ROMA TERMINI;ROMA TIBURTINA;FIRENZE S.M.N.;BOLOGNA C.LE/AV;PADOVA;VENEZIA MESTRE;;;;;;;;;;;;;;;
9421;FR1000;VENEZIA SANTA LUCIA;ROMA TERMINI;VENEZIA MESTRE;PADOVA;BOLOGNA C.LE/AV;FIRENZE S.M.N.;ROMA TIBURTINA;;;;;;;;;;;;;;;;;
9422;FR1000;ROMA TERMINI;VENEZIA SANTA LUCIA;ROMA TIBURTINA;FIRENZE S.M.N.;BOLOGNA C.LE/AV;PADOVA;VENEZIA MESTRE;;;;;;;;;;;;;;;;;
9434;FR1000;ROMA TERMINI;VENEZIA SANTA LUCIA;ROMA TIBURTINA;FIRENZE S.M.N.;BOLOGNA C.LE/AV;PADOVA;VENEZIA MESTRE;;;;;;;;;;;;;;;;;
9439;FR1000;VENEZIA SANTA LUCIA;SALERNO;VENEZIA MESTRE;PADOVA;BOLOGNA C.LE/AV;FIRENZE S.M.N.;ROMA TIBURTINA;ROMA TERMINI;NAPOLI CENTRALE;SALERNO;;;;;;;;;;;;;;
9440;FR1000;ROMA TERMINI;UDINE;ROMA TIBURTINA;FIRENZE S.M.N.;BOLOGNA C.LE/AV;ROVIGO;PADOVA;VENEZIA MESTRE;TREVISO C.;CONEGLIANO;PORDENONE;;;;;;;;;;;;;
9445;FR1000;VENEZIA SANTA LUCIA;NAPOLI CENTRALE;VENEZIA MESTRE;PADOVA;BOLOGNA C.LE/AV;FIRENZE S.M.N.;ROMA TIBURTINA;ROMA TERMINI;;;;;;;;;;;;;;;;
9457;FR1000;VENEZIA SANTA LUCIA;ROMA TERMINI;VENEZIA MESTRE;PADOVA;FERRARA;BOLOGNA C.LE/AV;FIRENZE S.M.N.;ROMA TIBURTINA;;;;;;;;;;;;;;;;
9504;FR1000;ROMA TERMINI;TORINO P.NUOVA;ROMA TIBURTINA;FIRENZE S.M.N.;BOLOGNA C.LE/AV;MILANO ROGOREDO;MILANO CENTRALE;TORINO PORTA SUSA ;;;;;;;;;;;;;;;;
9505;FR1000;MILANO CENTRALE;SALERNO;REGGIO EMILIA AV;BOLOGNA C.LE;FIRENZE S.M.N.;ROMA TIBURTINA;ROMA TERMINI;NAPOLI CENTRALE;;;;;;;;;;;;;;;;
9516;FR1000;NAPOLI CENTRALE;MILANO CENTRALE;ROMA TERMINI;ROMA TIBURTINA;FIRENZE S.M.N.;BOLOGNA C.LE/AV;;;;;;;;;;;;;;;;;;
9521;FR1000;TORINO P.NUOVA;NAPOLI CENTRALE;TORINO PORTA SUSA ;MILANO CENTRALE;BOLOGNA C.LE/AV;FIRENZE S.M.N.;ROMA TIBURTINA;ROMA TERMINI;;;;;;;;;;;;;;;;
9522;FR1000;TARANTO;MILANO CENTRALE;METAPONTO;FERRANDINA;POTENZA INFERIORE;SALERNO;NAPOLI CENTRALE;ROMA TERMINI;ROMA TIBURTINA;FIRENZE S.M.N.;BOLOGNA C.LE/AV;;;;;;;;;;;;;
9528;FR1000;NAPOLI CENTRALE;TORINO P.NUOVA;NAPOLI AFRAGOLA;ROMA TERMINI;ROMA TIBURTINA;FIRENZE S.M.N.;BOLOGNA C.LE/AV;MILANO CENTRALE;TORINO PORTA SUSA ;;;;;;;;;;;;;;;
9539;FR1000;MILANO CENTRALE;NAPOLI CENTRALE;BOLOGNA C.LE;FIRENZE S.M.N.;ROMA TIBURTINA;ROMA TERMINI;NAPOLI AFRAGOLA;;;;;;;;;;;;;;;;;
9540;FR1000;NAPOLI CENTRALE;TORINO P.NUOVA;ROMA TERMINI;ROMA TIBURTINA;FIRENZE S.M.N.;BOLOGNA C.LE/AV;MILANO CENTRALE;TORINO PORTA SUSA ;;;;;;;;;;;;;;;;
9544;FR1000;NAPOLI CENTRALE;TORINO P.NUOVA;ROMA TERMINI;ROMA TIBURTINA;FIRENZE S.M.N.;BOLOGNA C.LE/AV;MILANO CENTRALE;TORINO PORTA SUSA ;;;;;;;;;;;;;;;;
9547;FR1000;MILANO CENTRALE;TARANTO;BOLOGNA C.LE/AV;FIRENZE S.M.N.;ROMA TIBURTINA;ROMA TERMINI;NAPOLI CENTRALE;FERRANDINA;METAPONTO;;;;;;;;;;;;;;;
9551;FR1000;TORINO P.NUOVA;SALERNO;TORINO PORTA SUSA ;MILANO CENTRALE;MILANO ROGOREDO;BOLOGNA C.LE/AV;FIRENZE S.M.N.;ROMA TIBURTINA;ROMA TERMINI;NAPOLI CENTRALE;;;;;;;;;;;;;;
9554;FR1000;SALERNO;MILANO CENTRALE;NAPOLI CENTRALE;ROMA TERMINI;ROMA TIBURTINA;FIRENZE S.M.N.;BOLOGNA C.LE/AV;REGGIO EMILIA AV;;;;;;;;;;;;;;;;
9567;FR1000;TORINO P.NUOVA;ROMA TERMINI;TORINO PORTA SUSA ;MILANO CENTRALE;BOLOGNA C.LE/AV;FIRENZE S.M.N.;ROMA TIBURTINA;;;;;;;;;;;;;;;;;
9570;FR1000;NAPOLI CENTRALE;MILANO CENTRALE;ROMA TERMINI;ROMA TIBURTINA;FIRENZE S.M.N.;BOLOGNA C.LE/AV;REGGIO EMILIA AV;;;;;;;;;;;;;;;;;
9580;FR1000;FIRENZE S.M.N.;MILANO CENTRALE;REGGIO EMILIA AV;REGGIO EMILIA AV;;;;;;;;;;;;;;;;;;;;
9584;FR1000;NAPOLI CENTRALE;MILANO CENTRALE;FIRENZE S.M.N.;ROMA TIBURTINA;FIRENZE S.M.N.;BOLOGNA C.LE/AV;REGGIO EMILIA AV;;;;;;;;;;;;;;;;;
9585;FR1000;MILANO CENTRALE;NAPOLI CENTRALE;BOLOGNA C.LE/AV;FIRENZE S.M.N.;ROMA TERMINI;;;;;;;;;;;;;;;;;;;
9589;FR1000;MILANO CENTRALE;FIRENZE S.M.N.;REGGIO EMILIA AV;BOLOGNA C.LE/AV;;;;;;;;;;;;;;;;;;;;
9600;FR1000;ROMA TERMINI;TORINO P.NUOVA;MILANO CENTRALE;TORINO PORTA SUSA ;;;;;;;;;;;;;;;;;;;;
9601;FR1000;MILANO CENTRALE;SALERNO;MILANO ROGOREDO;REGGIO EMILIA AV;BOLOGNA C.LE/AV;ROMA TERMINI;NAPOLI AFRAGOLA;;;;;;;;;;;;;;;;;
9602;FR1000;NAPOLI CENTRALE;MILANO CENTRALE;ROMA TERMINI;BOLOGNA C.LE/AV;;;;;;;;;;;;;;;;;;;;
9606;FR1000;SALERNO;MILANO CENTRALE;NAPOLI AFRAGOLA;ROMA TERMINI;ROMA TIBURTINA;MILANO ROGOREDO;;;;;;;;;;;;;;;;;;
9607;FR1000;MILANO CENTRALE;ROMA TERMINI;BOLOGNA C.LE/AV;;;;;;;;;;;;;;;;;;;;;
9609;FR1000;TORINO P.NUOVA;NAPOLI CENTRALE;TORINO PORTA SUSA ;MILANO CENTRALE;MILANO ROGOREDO;ROMA TIBURTINA;ROMA TERMINI;;;;;;;;;;;;;;;;;
9611;FR1000;TORINO P.NUOVA;NAPOLI CENTRALE;TORINO PORTA SUSA ;MILANO CENTRALE;MILANO ROGOREDO;ROMA TIBURTINA;ROMA TERMINI;;;;;;;;;;;;;;;;;
9612;FR1000;ROMA TERMINI;MILANO CENTRALE;BOLOGNA C.LE/AV;;;;;;;;;;;;;;;;;;;;;
9615;FR1000;MILANO CENTRALE;ROMA TERMINI;;;;;;;;;;;;;;;;;;;;;;
9616;FR1000;NAPOLI CENTRALE;MILANO CENTRALE;NAPOLI AFRAGOLA;ROMA TERMINI;BOLOGNA C.LE/AV;;;;;;;;;;;;;;;;;;;
9617;FR1000;MILANO CENTRALE;NAPOLI CENTRALE;BOLOGNA C.LE/AV;ROMA TERMINI;;;;;;;;;;;;;;;;;;;;
9618;FR1000;NAPOLI CENTRALE;MILANO CENTRALE;ROMA TERMINI;MILANO ROGOREDO;;;;;;;;;;;;;;;;;;;;
9620;FR1000;ROMA TERMINI;MILANO CENTRALE;BOLOGNA C.LE/AV;;;;;;;;;;;;;;;;;;;;;
9621;FR1000;MILANO CENTRALE;ROMA TERMINI;BOLOGNA C.LE/AV;;;;;;;;;;;;;;;;;;;;;
9622;FR1000;NAPOLI CENTRALE;TORINO P.NUOVA;ROMA TERMINI;MILANO CENTRALE;TORINO PORTA SUSA ;;;;;;;;;;;;;;;;;;;
9623;FR1000;MILANO CENTRALE;NAPOLI CENTRALE;ROMA TERMINI;;;;;;;;;;;;;;;;;;;;;
9624;FR1000;NAPOLI CENTRALE;MILANO CENTRALE;ROMA TERMINI;BOLOGNA C.LE/AV;;;;;;;;;;;;;;;;;;;;
9626;FR1000;ROMA TERMINI;MILANO CENTRALE;;;;;;;;;;;;;;;;;;;;;;
9627;FR1000;TORINO P.NUOVA;ROMA TERMINI;TORINO PORTA SUSA ;MILANO CENTRALE;MILANO ROGOREDO;;;;;;;;;;;;;;;;;;;
9628;FR1000;ROMA TERMINI;MILANO CENTRALE;BOLOGNA C.LE/AV;;;;;;;;;;;;;;;;;;;;;
9630;FR1000;ROMA TERMINI;MILANO CENTRALE;MILANO ROGOREDO;;;;;;;;;;;;;;;;;;;;;
9631;FR1000;MILANO CENTRALE;ROMA TERMINI;;;;;;;;;;;;;;;;;;;;;;
9632;FR1000;NAPOLI CENTRALE;MILANO CENTRALE;ROMA TERMINI;BOLOGNA C.LE/AV;;;;;;;;;;;;;;;;;;;;
9634;FR1000;ROMA TERMINI;TORINO P.NUOVA;MILANO CENTRALE;TORINO PORTA SUSA ;;;;;;;;;;;;;;;;;;;;
9635;FR1000;TORINO P.NUOVA;NAPOLI CENTRALE;TORINO PORTA SUSA ;MILANO CENTRALE;ROMA TERMINI;;;;;;;;;;;;;;;;;;;
9636;FR1000;ROMA TERMINI;MILANO CENTRALE;BOLOGNA C.LE/AV;;;;;;;;;;;;;;;;;;;;;
9637;FR1000;MILANO CENTRALE;ROMA TERMINI;BOLOGNA C.LE/AV;;;;;;;;;;;;;;;;;;;;;
9639;FR1000;MILANO CENTRALE;NAPOLI CENTRALE;MILANO ROGOREDO;ROMA TERMINI;;;;;;;;;;;;;;;;;;;;
9640;FR1000;NAPOLI CENTRALE;MILANO CENTRALE;NAPOLI AFRAGOLA;ROMA TERMINI;BOLOGNA C.LE/AV;;;;;;;;;;;;;;;;;;;
9641;FR1000;MILANO CENTRALE;ROMA TERMINI;BOLOGNA C.LE/AV;;;;;;;;;;;;;;;;;;;;;
9642;FR1000;NAPOLI CENTRALE;MILANO CENTRALE;ROMA TERMINI;MILANO ROGOREDO;;;;;;;;;;;;;;;;;;;;
9645;FR1000;MILANO CENTRALE;NAPOLI CENTRALE;BOLOGNA C.LE/AV;ROMA TERMINI;NAPOLI AFRAGOLA;;;;;;;;;;;;;;;;;;;
9647;FR1000;MILANO CENTRALE;NAPOLI CENTRALE;ROMA TERMINI;;;;;;;;;;;;;;;;;;;;;
9648;FR1000;NAPOLI CENTRALE;MILANO CENTRALE;ROMA TERMINI;BOLOGNA C.LE/AV;;;;;;;;;;;;;;;;;;;;
9651;FR1000;MILANO CENTRALE;NAPOLI CENTRALE;BOLOGNA C.LE/AV;ROMA TERMINI;NAPOLI AFRAGOLA;;;;;;;;;;;;;;;;;;;
9652;FR1000;NAPOLI CENTRALE;MILANO CENTRALE;NAPOLI AFRAGOLA;ROMA TERMINI;BOLOGNA C.LE/AV;;;;;;;;;;;;;;;;;;;
9654;FR1000;NAPOLI CENTRALE;TORINO P.NUOVA;ROMA TERMINI;REGGIO EMILIA AV;MILANO CENTRALE;TORINO PORTA SUSA ;;;;;;;;;;;;;;;;;;
9655;FR1000;MILANO CENTRALE;NAPOLI CENTRALE;BOLOGNA C.LE/AV;ROMA TERMINI;;;;;;;;;;;;;;;;;;;;
9657;FR1000;MILANO CENTRALE;NAPOLI CENTRALE;MILANO ROGOREDO;ROMA TERMINI;;;;;;;;;;;;;;;;;;;;
9658;FR1000;SALERNO;MILANO CENTRALE;NAPOLI CENTRALE;ROMA TERMINI;;;;;;;;;;;;;;;;;;;;
9659;FR1000;MILANO CENTRALE;SALERNO;BOLOGNA C.LE/AV;ROMA TERMINI;NAPOLI AFRAGOLA;;;;;;;;;;;;;;;;;;;
9662;FR1000;ROMA TERMINI;MILANO CENTRALE;BOLOGNA C.LE/AV;;;;;;;;;;;;;;;;;;;;;
9663;FR1000;TORINO P.NUOVA;NAPOLI CENTRALE;TORINO PORTA SUSA ;MILANO CENTRALE;MILANO ROGOREDO;ROMA TERMINI;;;;;;;;;;;;;;;;;;
9665;FR1000;MILANO CENTRALE;NAPOLI CENTRALE;BOLOGNA C.LE/AV;ROMA TERMINI;;;;;;;;;;;;;;;;;;;;
9666;FR1000;NAPOLI CENTRALE;ROMA TERMINI;;;;;;;;;;;;;;;;;;;;;;
9667;FR1000;MILANO CENTRALE;ROMA TERMINI;;;;;;;;;;;;;;;;;;;;;;
9673;FR1000;MILANO CENTRALE;ROMA TERMINI;BOLOGNA C.LE/AV;;;;;;;;;;;;;;;;;;;;;
9681;FR1000;ROMA TERMINI;NAPOLI CENTRALE;;;;;;;;;;;;;;;;;;;;;;
9701;FR1000;MILANO CENTRALE;VENEZIA SANTA LUCIA;BRESCIA;PESCHIERA DEL GARDA;VERONA PORTA NUOVA;VICENZA;PADOVA;VENEZIA MESTRE;;;;;;;;;;;;;;;;
9708;FR1000;VENEZIA SANTA LUCIA;MILANO CENTRALE;VENEZIA MESTRE;PADOVA;VICENZA;VERONA PORTA NUOVA;PESCHIERA DEL GARDA;BRESCIA;;;;;;;;;;;;;;;;
9709;FR1000;TORINO P.NUOVA;VENEZIA SANTA LUCIA;TORINO PORTA SUSA ;MILANO CENTRALE;BRESCIA;DESENZANO;VERONA PORTA NUOVA;VICENZA;PADOVA;VENEZIA MESTRE;;;;;;;;;;;;;;
9727;FR1000;MILANO CENTRALE;VENEZIA SANTA LUCIA;BRESCIA;DESENZANO;VERONA PORTA NUOVA;VICENZA;PADOVA;VENEZIA MESTRE;;;;;;;;;;;;;;;;
9728;FR1000;VENEZIA SANTA LUCIA;MILANO CENTRALE;VENEZIA MESTRE;PADOVA;VICENZA;VERONA PORTA NUOVA;PESCHIERA DEL GARDA;BRESCIA;;;;;;;;;;;;;;;;
9733;FR1000;MILANO CENTRALE;VENEZIA SANTA LUCIA;BRESCIA;DESENZANO;VERONA PORTA NUOVA;VICENZA;PADOVA;VENEZIA MESTRE;;;;;;;;;;;;;;;;
9744;FR1000;VENEZIA SANTA LUCIA;GENOVA BRIGNOLE;VENEZIA MESTRE;PADOVA;VICENZA;VERONA PORTA NUOVA;DESENZANO;BRESCIA;MILANO CENTRALE;MILANO ROGOREDO;GENOVA P.PRINCIPE;;;;;;;;;;;;;
9750;FR1000;VENEZIA SANTA LUCIA;TORINO P.NUOVA;VENEZIA MESTRE;PADOVA;VICENZA;VERONA PORTA NUOVA;PESCHIERA DEL GARDA;BRESCIA;MILANO CENTRALE;TORINO PORTA SUSA ;;;;;;;;;;;;;;
9754;FR1000;VENEZIA SANTA LUCIA;MILANO CENTRALE;VENEZIA MESTRE;PADOVA;VICENZA;VERONA PORTA NUOVA;PESCHIERA DEL GARDA;BRESCIA;;;;;;;;;;;;;;;;
9761;FR1000;MILANO CENTRALE;VENEZIA SANTA LUCIA;BRESCIA;DESENZANO;PESCHIERA DEL GARDA;VERONA PORTA NUOVA;VICENZA;PADOVA;VENEZIA MESTRE;;;;;;;;;;;;;;;
9764;FR1000;VENEZIA SANTA LUCIA;MILANO CENTRALE;VENEZIA MESTRE;PADOVA;VICENZA;VERONA PORTA NUOVA;PESCHIERA DEL GARDA;BRESCIA;;;;;;;;;;;;;;;;
9796;FR1000;GENOVA BRIGNOLE;VENEZIA SANTA LUCIA;GENOVA P.PRINCIPE;MILANO ROGOREDO;MILANO CENTRALE;BRESCIA;PESCHIERA DEL GARDA;VERONA PORTA NUOVA;VICENZA;PADOVA;VENEZIA MESTRE;;;;;;;;;;;;;
8601;FB;GENOVA P. PRINCIPE;ROMA TERMINI;GENOVA BRIGNOLE;CHIAVARI;LA SPEZIA CENTRALE;MASSA CENTRO;VIAREGGIO;PISA CENTRALE;LIVORNO CENTRALE;CAMPIGLIA MARITTIMA;GROSSETO;CIVITAVECCHIA;;;;;;;;;;;;
8602;FB;ROMA TERMINI;GENOVA P. PRINCIPE;FIRENZE CAMPO MARTE;PISA CENTRALE;MASSA CENTRO;LA SPEZIA CENTRALE;GENOVA BRIGNOLE;;;;;;;;;;;;;;;;;
8605;FB;GENOVA P. PRINCIPE;ROMA TERMINI;GENOVA BRIGNOLE;RAPALLO;CHIAVARI;LA SPEZIA CENTRALE;MASSA CENTRO;VIAREGGIO;PISA CENTRALE;LIVORNO CENTRALE;CAMPIGLIA MARITTIMA;GROSSETO;CIVITAVECCHIA;;;;;;;;;;;
8606;FB;ROMA TERMINI;TORINO P.NUOVA;CIVITAVECCHIA;ORBETELLO;GROSSETO;CAMPIGLIA MARITTIMA;CECINA;LIVORNO CENTRALE;PISA CENTRALE;VIAREGGIO;MASSA CENTRO;LA SPEZIA CENTRALE;CHIAVARI;GENOVA BRIGNOLE;GENOVA P. PRINCIPE;ALESSANDRIA;ASTI;TORINO LINGOTTO;;;;;;
8613;FB;GENOVA P. PRINCIPE;ROMA TERMINI;GENOVA BRIGNOLE;CHIAVARI;LA SPEZIA CENTRALE;MASSA CENTRO;VIAREGGIO;PISA CENTRALE;LIVORNO CENTRALE;CAMPIGLIA MARITTIMA;GROSSETO;CIVITAVECCHIA;;;;;;;;;;;;
8616;FB;ROMA TERMINI;GENOVA P. PRINCIPE;CIVITAVECCHIA;GROSSETO;CAMPIGLIA MARITTIMA;LIVORNO CENTRALE;PISA CENTRALE;VIAREGGIO;MASSA CENTRO;LA SPEZIA CENTRALE;CHIAVARI;RAPALLO;GENOVA BRIGNOLE;;;;;;;;;;;
8619;FB;MILANO CENTRALE;ROMA TERMINI;PAVIA;GENOVA P. PRINCIPE;GENOVA BRIGNOLE;RAPALLO;CHIAVARI;LA SPEZIA CENTRALE;MASSA CENTRO;VIAREGGIO;PISA CENTRALE;LIVORNO CENTRALE;CAMPIGLIA MARITTIMA;GROSSETO;ORBETELLO;CIVITAVECCHIA;;;;;;;;
8620;FB;ROMA TERMINI;MILANO CENTRALE;CIVITAVECCHIA;ORBETELLO;GROSSETO;CAMPIGLIA MARITTIMA;LIVORNO CENTRALE;PISA CENTRALE;VIAREGGIO;MASSA CENTRO;LA SPEZIA CENTRALE;CHIAVARI;GENOVA BRIGNOLE;GENOVA P.PRINCIPE;PAVIA;;;;;;;;;
8623;FB;TORINO P.NUOVA;ROMA TERMINI;TORINO LINGOTTO;ASTI;ALESSANDRIA;GENOVA P. PRINCIPE;GENOVA BRIGNOLE;RAPALLO;CHIAVARI;LA SPEZIA CENTRALE;MASSA CENTRO;VIAREGGIO;PISA CENTRALE;LIVORNO CENTRALE;CECINA;CAMPIGLIA MARITTIMA;GROSSETO;ORBETELLO;CIVITAVECCHIA;;;;;
8626;FB;ROMA TERMINI;GENOVA P. PRINCIPE;CIVITAVECCHIA;GROSSETO;CAMPIGLIA MARITTIMA;LIVORNO CENTRALE;PISA CENTRALE;VIAREGGIO;MASSA CENTRO;LA SPEZIA CENTRALE;RAPALLO;GENOVA BRIGNOLE;;;;;;;;;;;;
8627;FB;GENOVA P. PRINCIPE;ROMA TERMINI;GENOVA BRIGNOLE;LA SPEZIA CENTRALE;MASSA CENTRO;PISA CENTRALE;FIRENZE CAMPO MARTE;;;;;;;;;;;;;;;;;
8630;FB;ROMA TERMINI;GENOVA P. PRINCIPE;CIVITAVECCHIA;GROSSETO;CAMPIGLIA MARITTIMA;LIVORNO CENTRALE;PISA CENTRALE;VIAREGGIO;MASSA CENTRO;LA SPEZIA CENTRALE;CHIAVARI;GENOVA BRIGNOLE;;;;;;;;;;;;
8801;FB;VENEZIA SANTA LUCIA;LECCE;VENEZIA MESTRE;PADOVA;ROVIGO;FERRARA;BOLOGNA C.LE;RIMINI;PESARO;ANCONA;PESCARA;TERMOLI;FOGGIA;BARLETTA;BARI CENTRALE;BRINDISI;;;;;;;;
8802;FB;ANCONA;MILANO CENTRALE;PESARO;RIMINI;CESENA;FORL�;FAENZA;BOLOGNA C.LE;MODENA;REGGIO EMILIA;PARMA;PIACENZA;MILANO ROGOREDO;;;;;;;;;;;
8803;FB;MILANO CENTRALE;BARI CENTRALE;PIACENZA;PARMA;REGGIO EMILIA;MODENA;BOLOGNA C.LE;RIMINI;PESARO;ANCONA;CIVITANOVA MARCHE;S.BENEDETTO DEL TRONTO;PESCARA;TERMOLI;FOGGIA;BARLETTA;;;;;;;;
8804;FB;ANCONA;MILANO CENTRALE;PESARO;RIMINI;CESENA;FORL�;FAENZA;BOLOGNA C.LE;MODENA;REGGIO EMILIA;PARMA;PIACENZA;MILANO ROGOREDO;;;;;;;;;;;
8806;FB;PESCARA;MILANO CENTRALE;GIULIANOVA;S.BENEDETTO DEL TRONTO;ANCONA;PESARO;RIMINI;CESENA;FORL�;FAENZA;BOLOGNA C.LE;MODENA;REGGIO EMILIA;PARMA;PIACENZA;;;;;;;;;
8809;FB;MILANO CENTRALE;TARANTO;PIACENZA;PARMA;REGGIO EMILIA;MODENA;BOLOGNA C.LE;RIMINI;PESARO;ANCONA;PESCARA;TERMOLI;FOGGIA;BARLETTA;BARI CENTRALE;GIOIA DEL COLLE;;;;;;;;
8810;FB;BARI CENTRALE;MILANO CENTRALE;BARLETTA;FOGGIA;TERMOLI;PESCARA;S.BENEDETTO DEL TRONTO;ANCONA;PESARO;RIMINI;BOLOGNA C.LE;MODENA;REGGIO EMILIA;PARMA;PIACENZA;;;;;;;;;
8811;FB;MILANO CENTRALE;LECCE;PIACENZA;PARMA;REGGIO EMILIA;MODENA;BOLOGNA C.LE;RIMINI;PESARO;ANCONA;PESCARA;TERMOLI;FOGGIA;BARLETTA;BARI CENTRALE;BRINDISI;;;;;;;;
8813;FB;MILANO CENTRALE;LECCE;PIACENZA;PARMA;REGGIO EMILIA;MODENA;BOLOGNA C.LE;RIMINI;PESARO;ANCONA;PESCARA;TERMOLI;FOGGIA;BARLETTA;BARI CENTRALE;BRINDISI;;;;;;;;
8814;FB;LECCE;MILANO CENTRALE;BRINDISI;BARI CENTRALE;BARLETTA;FOGGIA;TERMOLI;PESCARA;CIVITANOVA MARCHE;ANCONA;PESARO;RIMINI;BOLOGNA C.LE;MODENA;REGGIO EMILIA;PARMA;PIACENZA;;;;;;;
8815;FB;VENEZIA SANTA LUCIA;LECCE;VENEZIA MESTRE;PADOVA;ROVIGO;FERRARA;BOLOGNA C.LE;RIMINI;PESARO;ANCONA;PESCARA;TERMOLI;FOGGIA;BARLETTA;BARI CENTRALE;BRINDISI;;;;;;;;
8816;FB;LECCE;VENEZIA SANTA LUCIA;BRINDISI;BARI CENTRALE;BARLETTA;FOGGIA;TERMOLI;PESCARA;ANCONA;PESARO;RIMINI;BOLOGNA C.LE;FERRARA;ROVIGO;PADOVA;VENEZIA MESTRE;;;;;;;;
8818;FB;LECCE;MILANO CENTRALE;BRINDISI;BARI CENTRALE;BARLETTA;FOGGIA;TERMOLI;PESCARA;ANCONA;PESARO;RIMINI;BOLOGNA C.LE;MODENA;REGGIO EMILIA;PARMA;PIACENZA;;;;;;;;
8819;FB;MILANO CENTRALE;BARI CENTRALE;PIACENZA;PARMA;REGGIO EMILIA;MODENA;BOLOGNA C.LE;FAENZA;FORL�;CESENA;RIMINI;PESARO;ANCONA;S.BENEDETTO DEL TRONTO;PESCARA;TERMOLI;FOGGIA;BARLETTA;;;;;;
8820;FB;TARANTO;MILANO CENTRALE;GIOIA DEL COLLE;BARI CENTRALE;BARLETTA;FOGGIA;TERMOLI;PESCARA;ANCONA;PESARO;RIMINI;BOLOGNA C.LE;MODENA;REGGIO EMILIA;PARMA;PIACENZA;;;;;;;;
8823;FB;MILANO CENTRALE;PESCARA;PIACENZA;PARMA;REGGIO EMILIA;MODENA;BOLOGNA C.LE;FAENZA;FORL�;CESENA;RIMINI;PESARO;ANCONA;S.BENEDETTO DEL TRONTO;GIULIANOVA;;;;;;;;;
8824;FB;LECCE;MILANO CENTRALE;BRINDISI;BARI CENTRALE;BARLETTA;FOGGIA;TERMOLI;PESCARA;S.BENEDETTO DEL TRONTO;ANCONA;PESARO;RIMINI;BOLOGNA C.LE;MODENA;REGGIO EMILIA;PARMA;PIACENZA;;;;;;;
8825;FB;MILANO CENTRALE;ANCONA;PIACENZA;PARMA;REGGIO EMILIA;MODENA;BOLOGNA C.LE;FAENZA;FORL�;CESENA;RIMINI;PESARO;;;;;;;;;;;;
8828;FB;LECCE;VENEZIA SANTA LUCIA;BRINDISI;BARI CENTRALE;BARLETTA;FOGGIA;TERMOLI;PESCARA;ANCONA;PESARO;RICCIONE;RIMINI;BOLOGNA C.LE;FERRARA;ROVIGO;PADOVA;VENEZIA MESTRE;;;;;;;
8829;FB;MILANO CENTRALE;ANCONA;PIACENZA;PARMA;REGGIO EMILIA;MODENA;BOLOGNA C.LE;RIMINI;PESARO;;;;;;;;;;;;;;;
8830;FB;BARI CENTRALE;MILANO CENTRALE;BARLETTA;FOGGIA;TERMOLI;PESCARA;ANCONA;PESARO;RICCIONE;RIMINI;BOLOGNA C.LE;MODENA;REGGIO EMILIA;PARMA;PIACENZA;;;;;;;;;
8851;FB;RAVENNA;ROMA TERMINI;RIMINI;PESARO;FALCONARA MARITTIMA;JESI;FABRIANO;FOLIGNO;SPOLETO;TERNI;;;;;;;;;;;;;;
8852;FB;ROMA TERMINI;RAVENNA;TERNI;SPOLETO;FOLIGNO;FABRIANO;JESI;FALCONARA MARITTIMA;PESARO;RIMINI;;;;;;;;;;;;;;
8863;FB;ROMA TERMINI;REGGIO CALABRIA CENTRALE;NAPOLI CENTRALE;SALERNO;AGROPOLI CASTELLABATE;SAPRI;SCALEA S.DOMENICA TALAO;PAOLA;LAMEZIA TERME CENTRALE;VIBO VALENZIA PIZZO;ROSARNO;GIOIA TAURO;VILLA SAN GIOVANNI;;;;;;;;;;;
8864;FB;REGGIO CALABRIA CENTRALE;ROMA TERMINI;VILLA SAN GIOVANNI;GIOIA TAURO;ROSARNO;VIBO VALENZIA PIZZO;LAMEZIA TERME CENTRALE;PAOLA;SAPRI;BATTIPAGLIA;SALERNO;NAPOLI CENTRALE;;;;;;;;;;;;
8868;FB;REGGIO CALABRIA CENTRALE;ROMA TERMINI;VILLA SAN GIOVANNI;GIOIA TAURO;ROSARNO;VIBO VALENZIA PIZZO;LAMEZIA TERME CENTRALE;PAOLA;SAPRI;SALERNO;NAPOLI CENTRALE;;;;;;;;;;;;;
8869;FB;ROMA TERMINI;REGGIO CALABRIA CENTRALE;NAPOLI CENTRALE;SALERNO;BATTIPAGLIA;SAPRI;PAOLA;LAMEZIA TERME CENTRALE;VIBO VALENZIA PIZZO;ROSARNO;GIOIA TAURO;VILLA SAN GIOVANNI;;;;;;;;;;;;
8300;FA;FOGGIA ;ROMA TERMINI;BENEVENTO;CASERTA;;;;;;;;;;;;;;;;;;;;
8302;FA;LECCE ;ROMA TERMINI;BRINDISI;MONOPOLI;BARI CENTRALE;BARLETTA;FOGGIA;BENEVENTO;CASERTA;;;;;;;;;;;;;;;
8303;FA;ROMA TERMINI;LECCE;CASERTA;BENEVENTO;FOGGIA;BARLETTA;BARI CENTRALE;BRINDISI;;;;;;;;;;;;;;;;
8306;FA;BARI CENTRALE;ROMA TERMINI;;;;;;;;;;;;;;;;;;;;;;
8314;FA;LECCE;ROMA TERMINI;BRINDISI;BARI CENTRALE;BARLETTA;FOGGIA;BENEVENTO;CASERTA;;;;;;;;;;;;;;;;
8315;FA;ROMA TERMINI;LECCE;CASERTA;BENEVENTO;FOGGIA;BARLETTA;BARI CENTRALE;MONOPOLI;BRINDISI;;;;;;;;;;;;;;;
8317;FA;ROMA TERMINI;BARI CENTRALE;;;;;;;;;;;;;;;;;;;;;;
8319;FA;ROMA TERMINI;FOGGIA;CASERTA;BENEVENTO;;;;;;;;;;;;;;;;;;;;
8323;FA;ROMA TERMINI;LECCE;CASERTA;BENEVENTO;FOGGIA;BARLETTA;BARI CENTRALE;BRINDISI;;;;;;;;;;;;;;;;
8325;FA;ROMA TERMINI;BARI CENTRALE;CASERTA;BENEVENTO;;;;;;;;;;;;;;;;;;;;
8326;FA;LECCE;ROMA TERMINI;BRINDISI;BARI CENTRALE;BARLETTA;FOGGIA;BENEVENTO;CASERTA;;;;;;;;;;;;;;;;
8343;FA;ROMA TERMINI;REGGIO CALABRIA CENTRALE;NAPOLI AFRAGOLA;SALERNO;PAOLA;LAMEZIA TERME CENTRALE;ROSARNO;VILLA SAN GIOVANNI;;;;;;;;;;;;;;;;
8346;FA;REGGIO CALABRIA CENTRALE;ROMA TERMINI;VILLA SAN GIOVANNI;ROSARNO;LAMEZIA TERME CENTRALE;PAOLA;SALERNO;NAPOLI AFRAGOLA;;;;;;;;;;;;;;;;
8347;FA;ROMA TERMINI;REGGIO CALABRIA CENTRALE;NAPOLI AFRAGOLA;SALERNO;PAOLA;LAMEZIA TERME CENTRALE;ROSARNO;VILLA SAN GIOVANNI;;;;;;;;;;;;;;;;
8348;FA;BARI CENTRALE;ROMA TERMINI;BENEVENTO;CASERTA;;;;;;;;;;;;;;;;;;;;
8408;FA;ROMA TERMINI;VENEZIA SANTA LUCIA;ROMA TIBURTINA;FIRENZE S.M.N.;BOLOGNA C.LE/AV;FERRARA;PADOVA;VENEZIA MESTRE;;;;;;;;;;;;;;;;
8412;FA;TRIESTE CENTRALE;ROMA TERMINI;TRIESTE AEREOPORTO;VENEZIA MESTRE;PADOVA;FERRARA;BOLOGNA C.LE/AV;FIRENZE S.M.N.;;;;;;;;;;;;;;;;
8416;FA;ROMA TERMINI;VENEZIA SANTA LUCIA;ROMA TIBURTINA;FIRENZE S.M.N.;BOLOGNA C.LE/AV;ROVIGO;PADOVA;VENEZIA MESTRE;;;;;;;;;;;;;;;;
8427;FA;VENEZIA SANTA LUCIA;ROMA TERMINI;VENEZIA MESTRE;PADOVA;BOLOGNA C.LE/AV;FIRENZE S.M.N.;ROMA TIBURTINA;;;;;;;;;;;;;;;;;
8429;FA;VENEZIA SANTA LUCIA;ROMA TERMINI;VENEZIA MESTRE;PADOVA;BOLOGNA C.LE/AV;FIRENZE S.M.N.;ROMA TIBURTINA;;;;;;;;;;;;;;;;;
8434;FA;ROMA TERMINI;VENEZIA SANTA LUCIA;FIRENZE S.M.N.;BOLOGNA C.LE/AV;PADOVA;VENEZIA MESTRE;;;;;;;;;;;;;;;;;;
8435;FA;VENEZIA SANTA LUCIA;ROMA TERMINI;VENEZIA MESTRE;PADOVA;BOLOGNA C.LE/AV;FIRENZE S.M.N.;ROMA TIBURTINA;;;;;;;;;;;;;;;;;
8448;FA;ROMA TERMINI;TRIESTE CENTRALE;FIRENZE S.M.N.;BOLOGNA C.LE/AV;PADOVA;VENEZIA MESTRE;TRIESTE AEROPORTO;;;;;;;;;;;;;;;;;
8451;FA;VENEZIA SANTA LUCIA;ROMA TERMINI;VENEZIA MESTRE;PADOVA;FERRARA;BOLOGNA C.LE/AV;FIRENZE S.M.N.;ROMA TIBURTINA;;;;;;;;;;;;;;;;
8503;FA;BOLZANO/BOZEN;ROMA TERMINI;TRENTO;ROVERETO;VERONA PORTA NUOVA;BOLOGNA C.LE/AV;FIRENZE CAMPO MARTE;;;;;;;;;;;;;;;;;
8504;FA;ROMA TERMINI;BOLZANO/BOZEN;FIRENZE CAMPO MARTE;BOLOGNA C.LE/AV;VERONA PORTA NUOVA;ROVERETO;TRENTO;ORA/AUER;;;;;;;;;;;;;;;;
8506;FA;NAPOLI CENTRALE;BOLZANO/BOZEN;ROMA TERMINI;FIRENZE CAMPO MARTE;BOLOGNA C.LE/AV;VERONA PORTA NUOVA;ROVERETO;TRENTO;;;;;;;;;;;;;;;;
8507;FA;BOLZANO/BOZEN;NAPOLI CENTRALE;TRENTO;ROVERETO;VERONA PORTA NUOVA;BOLOGNA C.LE/AV;FIRENZE CAMPO MARTE;ROMA TERMINI;;;;;;;;;;;;;;;;
8508;FA;ROMA TERMINI;BERGAMO;FIRENZE CAMPO MARTE;BOLOGNA C.LE/AV;VERONA PORTA NUOVA;BRESCIA;;;;;;;;;;;;;;;;;;
8510;FA;VICENZA;ROMA TERMINI;VERONA PORTA NUOVA;BOLOGNA C.LE/AV;FIRENZE CAMPO MARTE;;;;;;;;;;;;;;;;;;;
8512;FA;ROMA TERMINI;BOLZANO/BOZEN;FIRENZE CAMPO MARTE;BOLOGNA C.LE/AV;VERONA PORTA NUOVA;ROVERETO;TRENTO;;;;;;;;;;;;;;;;;
8517;FA;BOLZANO/BOZEN;ROMA TERMINI;TRENTO;ROVERETO;VERONA PORTA NUOVA;BOLOGNA C.LE/AV;FIRENZE CAMPO MARTE;;;;;;;;;;;;;;;;;
8518;FA;ROMA TERMINI;VICENZA;FIRENZE CAMPO MARTE;BOLOGNA C.LE/AV;VERONA PORTA NUOVA;;;;;;;;;;;;;;;;;;;
8523;FA;BOLZANO/BOZEN;ROMA TERMINI;TRENTO;ROVERETO;VERONA PORTA NUOVA;BOLOGNA C.LE/AV;FIRENZE CAMPO MARTE;;;;;;;;;;;;;;;;;
8524;FA;NAPOLI CENTRALE;BOLZANO/BOZEN;ROMA TERMINI;FIRENZE CAMPO MARTE;BOLOGNA C.LE/AV;VERONA PORTA NUOVA;ROVERETO;TRENTO;;;;;;;;;;;;;;;;
8525;FA;BERGAMO;ROMA TERMINI;BRESCIA;VERONA PORTA NUOVA;BOLOGNA C.LE/AV;FIRENZE CAMPO MARTE;;;;;;;;;;;;;;;;;;
8526;FA;ROMA TERMINI;BOLZANO/BOZEN;FIRENZE CAMPO MARTE;BOLOGNA C.LE/AV;VERONA PORTA NUOVA;ROVERETO;TRENTO;;;;;;;;;;;;;;;;;
8527;FA;BOLZANO/BOZEN;NAPOLI CENTRALE;ORA/AUER;TRENTO;ROVERETO;VERONA PORTA NUOVA;BOLOGNA C.LE/AV;FIRENZE CAMPO MARTE;ROMA TERMINI;;;;;;;;;;;;;;;
8551;FA;MANTOVA;ROMA TERMINI;CARPI;MODENA;BOLOGNA C.LE/AV;FIRENZE S.M.N.;AREZZO;ROMA TIBURTINA;;;;;;;;;;;;;;;;
8552;FA;ROMA TERMINI;MANTOVA;ROMA TIBURTINA;FIRENZE S.M.N.;BOLOGNA C.LE/AV;MODENA;CARPI;;;;;;;;;;;;;;;;;
8563;FA;FIUMICINO AEROPORTO;ROMA TERMINI;;;;;;;;;;;;;;;;;;;;;;
8572;FA;ROMA TERMINI;FIUMICINO AEROPORTO;;;;;;;;;;;;;;;;;;;;;;
8583;FA;GENOVA P. PRINCIPE;FIUMICINO AEROPORTO;GENOVA BRIGNOLE;LA SPEZIA CENTRALE;PISA CENTRALE;FIRENZE CAMPO MARTE;ROMA TIBURTINA;;;;;;;;;;;;;;;;;
8587;FA;FIUMICINO AEROPORTO;GENOVA P. PRINCIPE;ROMA TIBURTINA;FIRENZE CAMPO MARTE;PISA CENTRALE;LA SPEZIA CENTRALE;GENOVA BRIGNOLE;;;;;;;;;;;;;;;;;
9400;FA;ROMA TERMINI;VENEZIA SANTA LUCIA;FIRENZE S.M.N.;BOLOGNA C.LE/AV;PADOVA;VENEZIA MESTRE;;;;;;;;;;;;;;;;;;
9403;FA;VENEZIA SANTA LUCIA;ROMA TERMINI;VENEZIA MESTRE;PADOVA;BOLOGNA C.LE/AV;FIRENZE S.M.N.;ROMA TIBURTINA;;;;;;;;;;;;;;;;;
9435;FA;VENEZIA SANTA LUCIA;ROMA TERMINI;VENEZIA MESTRE;PADOVA;BOLOGNA C.LE/AV;FIRENZE S.M.N.;ROMA TIBURTINA;;;;;;;;;;;;;;;;;
9446;FA;ROMA TERMINI;VENEZIA SANTA LUCIA;ROMA TIBURTINA;FIRENZE S.M.N.;BOLOGNA C.LE/AV;PADOVA;VENEZIA MESTRE;;;;;;;;;;;;;;;;;
9450;FA;ROMA TERMINI;VENEZIA SANTA LUCIA;ROMA TIBURTINA;AREZZO;FIRENZE S.M.N.;BOLOGNA C.LE/AV;PADOVA;VENEZIA MESTRE;;;;;;;;;;;;;;;;